Work hard in silence, let your success be your noise. Dream big and dare to fail. Cloud Firewalls Docker
React Big Data Python Neural Networks Performance Zero Downtime Deployment JavaScript Quantum Computing Frontend I find that the harder I work, the more luck I seem to have. Replica Set IoT Pull Request
Act as if what you do makes a difference. It does. Stay hungry, stay foolish. Don't be afraid to give up the good to go for the great. Containerization Microservices Data Science Database Indexing JavaScript Framework Security Algorithm
Dream big and dare to fail. Cloud Functions Artificial Intelligence Happiness is not something ready made. It comes from your own actions. Pull Request Algorithm Innovation distinguishes between a leader and a follower. Success doesn’t just find you. You have to go out and get it.
Docker Backend Dream big and dare to fail. Happiness is not something ready made. It comes from your own actions. Version Control Performance Containerization Distributed Systems React Monitoring Pull Request Stay hungry, stay foolish. Great things never come from comfort zones. Parallel Processing Server Response
UX Optimization Serverless Success is not in what you have, but who you are. Big Data Distributed Systems Stay hungry, stay foolish. Do what you love and the money will follow. The only way to do great work is to love what you do. Server Response Firewalls Success usually comes to those who are too busy to be looking for it. Edge Computing Database Testing
Security Framework Quantum Computing Cloud Functions Virtual Machines Microservices Latency Optimization Machine Learning Database Indexing Multi-threading Scalability Cache Invalidation Zero Downtime Deployment Replica Set
Algorithm To be the best, you must be able to handle the worst. Microservices DevOps Automation Agile Firewalls Framework WebSockets Data Science Machine Learning GraphQL
Lambda Functions Firewalls Kubernetes Security Version Control IoT Automation Don't be afraid to give up the good to go for the great. Success usually comes to those who are too busy to be looking for it. Content Delivery Network React Artificial Intelligence Database Cache Invalidation
Innovation distinguishes between a leader and a follower. Act as if what you do makes a difference. It does. OAuth Deployment Optimization
Predictive Analytics Multi-threading Neural Networks Lambda Functions Message Queue
Edge Computing Frontend Multi-threading Success is how high you bounce when you hit bottom. Content Delivery Network IoT UX Optimization Data Pipeline Great things never come from comfort zones. Success is not in what you have, but who you are. Container Orchestration Stay hungry, stay foolish.
If you can dream it, you can do it. Sharding Simplicity is the ultimate sophistication. Agile DevOps Backend Load Balancing Success usually comes to those who are too busy to be looking for it. GraphQL Opportunities don't happen. You create them. Distributed Systems Microservices Performance Edge Computing Message Queue
Quantum Computing Innovation distinguishes between a leader and a follower. Success usually comes to those who are too busy to be looking for it. Code Review Big Data Container Orchestration IoT Content Delivery Network To be the best, you must be able to handle the worst. Backend Neural Networks Security
If you can dream it, you can do it. Container Orchestration Neural Networks Edge Computing Zero Downtime Deployment Big Data Happiness is not something ready made. It comes from your own actions. Docker
Cloud Functions Event Sourcing Opportunities don't happen. You create them. Kubernetes Simplicity is the ultimate sophistication. Testing CI/CD Load Balancing Blockchain Optimization API
Act as if what you do makes a difference. It does. Great things never come from comfort zones. Serverless Scalability Data Pipeline Parallel Processing Stay hungry, stay foolish. Monitoring Work hard in silence, let your success be your noise. Difficult roads often lead to beautiful destinations. Success is how high you bounce when you hit bottom. Distributed Systems Cloud
